Workbook

Sheet Export Summary
B3: This document was exported from Numbers. Each table was converted to an Excel worksheet. All other objects on each Numbers sheet were placed on separate worksheets. Please be aware that formula calculations may differ in Excel.
B7: Numbers Sheet Name | C7: Numbers Table Name | D7: Excel Worksheet Name
B9: Summary
C10: Table 1 | D10: Summary
B11: Housing Data
C12: Table 1 | D12: Housing Data

Sheet Summary
A2: Sydney Housing Sold-Property Dataset
A5: Dataset measure | B5: Value | D5: Suburb | E5: Records | F5: Average sale price | G5: Minimum | H5: Maximum
A6: Verified properties | B6: =COUNTA('Housing Data'!A2:A106) -> 105 | D6: Blacktown | E6: =_xlfn.COUNTIFS('Housing Data'!C$2:C$106,D6) -> 35 | F6: =_xlfn.AVERAGEIFS('Housing Data'!F$2:F$106,'Housing Data'!C$2:C$106,D6) -> 1160371.4 | G6: =_xlfn.MINIFS('Housing Data'!F$2:F$106,'Housing Data'!C$2:C$106,D6) -> 820000 | H6: =_xlfn.MAXIFS('Housing Data'!F$2:F$106,'Housing Data'!C$2:C$106,D6) -> 1900000
A7: Suburbs | B7: 3 | D7: Liverpool | E7: =_xlfn.COUNTIFS('Housing Data'!C$2:C$106,D7) -> 35 | F7: =_xlfn.AVERAGEIFS('Housing Data'!F$2:F$106,'Housing Data'!C$2:C$106,D7) -> 1225885.7 | G7: =_xlfn.MINIFS('Housing Data'!F$2:F$106,'Housing Data'!C$2:C$106,D7) -> 390000 | H7: =_xlfn.MAXIFS('Housing Data'!F$2:F$106,'Housing Data'!C$2:C$106,D7) -> 3100000
A8: Properties within $800k–$1.2m | B8: =_xlfn.COUNTIFS('Housing Data'!M2:M106,"Yes") -> 66 | D8: Campbelltown | E8: =_xlfn.COUNTIFS('Housing Data'!C$2:C$106,D8) -> 35 | F8: =_xlfn.AVERAGEIFS('Housing Data'!F$2:F$106,'Housing Data'!C$2:C$106,D8) -> 1005387.3 | G8: =_xlfn.MINIFS('Housing Data'!F$2:F$106,'Housing Data'!C$2:C$106,D8) -> 510000 | H8: =_xlfn.MAXIFS('Housing Data'!F$2:F$106,'Housing Data'!C$2:C$106,D8) -> 1750000
A9: Missing land size | B9: =COUNTBLANK('Housing Data'!K2:K106) -> 29 | D9: Total | E9: =SUM(E6:E8) -> 105 | F9: =AVERAGE('Housing Data'!F2:F106) -> 1130548.1 | G9: =MIN('Housing Data'!F2:F106) -> 390000 | H9: =MAX('Housing Data'!F2:F106) -> 3100000
A10: Collection date | B10: 46282
A12: Dataset notes
A13: Scope | B13: Recent publicly displayed sold-house listings for Blacktown, Liverpool and Campbelltown. Each row retains its direct listing and source-page URL.
A14: Missing values | B14: Blank cells mean the source listing did not publicly display that feature. Missing land size was not estimated.
A15: Use | B15: Suitable as a starting dataset for coursework exploration and model development. Recheck source pages before final submission because public listings may change.
A16: Primary source | B16: realestate.com.au sold-property pages.
A17: Secondary reference | B17: domain.com.au was supplied as an alternative property-data website; no Domain values were merged to avoid duplicate or conflicting records.

Sheet Housing Data
A1: Property_ID | B1: Address | C1: Suburb | D1: State | E1: Postcode | F1: Sale_Price_AUD | G1: Sale_Date | H1: Bedrooms | I1: Bathrooms | J1: Parking_Spaces | K1: Land_Size_m2 | L1: Property_Type | M1: Within_Budget_800k_1.2m | N1: Listing_URL | O1: Source_Page | P1: Source_Website | Q1: Collected_On
A2: SYD-001 | B2: 40 Stephen Street, Blacktown | C2: Blacktown | D2: NSW | E2: 2148 | F2: 1350000 | G2: 46282 | H2: 5 | I2: 3 | J2: 3 | K2: 338 | L2: House | M2: =IF(AND(F2>=800000,F2<=1200000),"Yes","No") -> No | N2: https://www.realestate.com.au/sold/property-house-nsw-blacktown-151437264 | O2: https://www.realestate.com.au/sold/property-house-in-blacktown%2C%2Bnsw%2B2148/list-1 | P2: realestate.com.au | Q2: 46282
A3: SYD-002 | B3: 7 Highlands Crescent, Blacktown | C3: Blacktown | D3: NSW | E3: 2148 | F3: 1135000 | G3: 46280 | H3: 3 | I3: 2 | J3: 4 | K3: 765 | L3: House | M3: =IF(AND(F3>=800000,F3<=1200000),"Yes","No") -> Yes | N3: https://www.realestate.com.au/sold/property-house-nsw-blacktown-152114604 | O3: https://www.realestate.com.au/sold/property-house-in-blacktown%2C%2Bnsw%2B2148/list-1 | P3: realestate.com.au | Q3: 46282
A4: SYD-003 | B4: 81 Reservoir Road, Blacktown | C4: Blacktown | D4: NSW | E4: 2148 | F4: 1105000 | G4: 46280 | H4: 4 | I4: 2 | J4: 2 | L4: House | M4: =IF(AND(F4>=800000,F4<=1200000),"Yes","No") -> Yes | N4: https://www.realestate.com.au/sold/property-house-nsw-blacktown-150847848 | O4: https://www.realestate.com.au/sold/property-house-in-blacktown%2C%2Bnsw%2B2148/list-1 | P4: realestate.com.au | Q4: 46282
A5: SYD-004 | B5: 4 & 4A Joseph Street, Blacktown | C5: Blacktown | D5: NSW | E5: 2148 | F5: 1340000 | G5: 46279 | H5: 5 | I5: 2 | J5: 1 | K5: 713 | L5: House | M5: =IF(AND(F5>=800000,F5<=1200000),"Yes","No") -> No | N5: https://www.realestate.com.au/sold/property-house-nsw-blacktown-151882968 | O5: https://www.realestate.com.au/sold/property-house-in-blacktown%2C%2Bnsw%2B2148/list-1 | P5: realestate.com.au | Q5: 46282
A6: SYD-005 | B6: 42 Burke Street, Blacktown | C6: Blacktown | D6: NSW | E6: 2148 | F6: 1260000 | G6: 46276 | H6: 5 | I6: 3 | J6: 6 | L6: House | M6: =IF(AND(F6>=800000,F6<=1200000),"Yes","No") -> No | N6: https://www.realestate.com.au/sold/property-house-nsw-blacktown-151994180 | O6: https://www.realestate.com.au/sold/property-house-in-blacktown%2C%2Bnsw%2B2148/list-1 | P6: realestate.com.au | Q6: 46282
A7: SYD-006 | B7: 52 Balmoral Street, Blacktown | C7: Blacktown | D7: NSW | E7: 2148 | F7: 1300000 | G7: 46273 | H7: 4 | I7: 1 | J7: 1 | K7: 696.77 | L7: House | M7: =IF(AND(F7>=800000,F7<=1200000),"Yes","No") -> No | N7: https://www.realestate.com.au/sold/property-house-nsw-blacktown-149983288 | O7: https://www.realestate.com.au/sold/property-house-in-blacktown%2C%2Bnsw%2B2148/list-1 | P7: realestate.com.au | Q7: 46282
A8: SYD-007 | B8: 9 Kirkman Road, Blacktown | C8: Blacktown | D8: NSW | E8: 2148 | F8: 1070000 | G8: 46268 | H8: 4 | I8: 1 | J8: 2 | K8: 638 | L8: House | M8: =IF(AND(F8>=800000,F8<=1200000),"Yes","No") -> Yes | N8: https://www.realestate.com.au/sold/property-house-nsw-blacktown-152024064 | O8: https://www.realestate.com.au/sold/property-house-in-blacktown%2C%2Bnsw%2B2148/list-1 | P8: realestate.com.au | Q8: 46282
A9: SYD-008 | B9: 17 Carinya Street, Blacktown | C9: Blacktown | D9: NSW | E9: 2148 | F9: 1600000 | G9: 46266 | H9: 3 | I9: 1 | J9: 1 | K9: 1182.4 | L9: House | M9: =IF(AND(F9>=800000,F9<=1200000),"Yes","No") -> No | N9: https://www.realestate.com.au/sold/property-house-nsw-blacktown-151555988 | O9: https://www.realestate.com.au/sold/property-house-in-blacktown%2C%2Bnsw%2B2148/list-1 | P9: realestate.com.au | Q9: 46282
A10: SYD-009 | B10: 38-38A Burrell Parade, Blacktown | C10: Blacktown | D10: NSW | E10: 2148 | F10: 1480000 | G10: 46262 | H10: 5 | I10: 3 | J10: 4 | K10: 563 | L10: House | M10: =IF(AND(F10>=800000,F10<=1200000),"Yes","No") -> No | N10: https://www.realestate.com.au/sold/property-house-nsw-blacktown-151694540 | O10: https://www.realestate.com.au/sold/property-house-in-blacktown%2C%2Bnsw%2B2148/list-1 | P10: realestate.com.au | Q10: 46282
A11: SYD-010 | B11: 39 Burke Street, Blacktown | C11: Blacktown | D11: NSW | E11: 2148 | F11: 1500000 | G11: 46260 | H11: 5 | I11: 3 | J11: 2 | L11: House | M11: =IF(AND(F11>=800000,F11<=1200000),"Yes","No") -> No | N11: https://www.realestate.com.au/sold/property-house-nsw-blacktown-151775940 | O11: https://www.realestate.com.au/sold/property-house-in-blacktown%2C%2Bnsw%2B2148/list-1 | P11: realestate.com.au | Q11: 46282
A12: SYD-011 | B12: 19 Stephen Street, Blacktown | C12: Blacktown | D12: NSW | E12: 2148 | F12: 1062500 | G12: 46260 | H12: 3 | I12: 1 | J12: 1 | K12: 575.4 | L12: House | M12: =IF(AND(F12>=800000,F12<=1200000),"Yes","No") -> Yes | N12: https://www.realestate.com.au/sold/property-house-nsw-blacktown-152017640 | O12: https://www.realestate.com.au/sold/property-house-in-blacktown%2C%2Bnsw%2B2148/list-1 | P12: realestate.com.au | Q12: 46282
A13: SYD-012 | B13: 130 Bungarribee Road, Blacktown | C13: Blacktown | D13: NSW | E13: 2148 | F13: 1150000 | G13: 46258 | H13: 3 | I13: 1 | J13: 1 | K13: 670 | L13: House | M13: =IF(AND(F13>=800000,F13<=1200000),"Yes","No") -> Yes | N13: https://www.realestate.com.au/sold/property-house-nsw-blacktown-151535008 | O13: https://www.realestate.com.au/sold/property-house-in-blacktown%2C%2Bnsw%2B2148/list-1 | P13: realestate.com.au | Q13: 46282
A14: SYD-013 | B14: 36 Bedford Road, Blacktown | C14: Blacktown | D14: NSW | E14: 2148 | F14: 1007500 | G14: 46258 | H14: 3 | I14: 2 | J14: 4 | K14: 651 | L14: House | M14: =IF(AND(F14>=800000,F14<=1200000),"Yes","No") -> Yes | N14: https://www.realestate.com.au/sold/property-house-nsw-blacktown-151912132 | O14: https://www.realestate.com.au/sold/property-house-in-blacktown%2C%2Bnsw%2B2148/list-1 | P14: realestate.com.au | Q14: 46282
A15: SYD-014 | B15: 13 Lancaster Street, Blacktown | C15: Blacktown | D15: NSW | E15: 2148 | F15: 1900000 | G15: 46256 | H15: 7 | I15: 4 | J15: 6 | K15: 739.8 | L15: House | M15: =IF(AND(F15>=800000,F15<=1200000),"Yes","No") -> No | N15: https://www.realestate.com.au/sold/property-house-nsw-blacktown-151888376 | O15: https://www.realestate.com.au/sold/property-house-in-blacktown%2C%2Bnsw%2B2148/list-1 | P15: realestate.com.au | Q15: 46282
A16: SYD-015 | B16: 6 Garden Street, Blacktown | C16: Blacktown | D16: NSW | E16: 2148 | F16: 1235000 | G16: 46254 | H16: 4 | I16: 2 | J16: 6 | K16: 556 | L16: House | M16: =IF(AND(F16>=800000,F16<=1200000),"Yes","No") -> No | N16: https://www.realestate.com.au/sold/property-house-nsw-blacktown-151824544 | O16: https://www.realestate.com.au/sold/property-house-in-blacktown%2C%2Bnsw%2B2148/list-1 | P16: realestate.com.au | Q16: 46282
A17: SYD-016 | B17: 94 Lancelot Street, Blacktown | C17: Blacktown | D17: NSW | E17: 2148 | F17: 950000 | G17: 46252 | H17: 3 | I17: 1 | J17: 1 | K17: 562.7 | L17: House | M17: =IF(AND(F17>=800000,F17<=1200000),"Yes","No") -> Yes | N17: https://www.realestate.com.au/sold/property-house-nsw-blacktown-151814988 | O17: https://www.realestate.com.au/sold/property-house-in-blacktown%2C%2Bnsw%2B2148/list-1 | P17: realestate.com.au | Q17: 46282
A18: SYD-017 | B18: 41 Dagmar Crescent, Blacktown | C18: Blacktown | D18: NSW | E18: 2148 | F18: 880000 | G18: 46252 | H18: 3 | I18: 1 | J18: 2 | K18: 569.1 | L18: House | M18: =IF(AND(F18>=800000,F18<=1200000),"Yes","No") -> Yes | N18: https://www.realestate.com.au/sold/property-house-nsw-blacktown-151539124 | O18: https://www.realestate.com.au/sold/property-house-in-blacktown%2C%2Bnsw%2B2148/list-1 | P18: realestate.com.au | Q18: 46282
A19: SYD-018 | B19: 5 Ajax Place, Blacktown | C19: Blacktown | D19: NSW | E19: 2148 | F19: 1000000 | G19: 46251 | H19: 3 | I19: 2 | J19: 2 | L19: House | M19: =IF(AND(F19>=800000,F19<=1200000),"Yes","No") -> Yes | N19: https://www.realestate.com.au/sold/property-house-nsw-blacktown-151708676 | O19: https://www.realestate.com.au/sold/property-house-in-blacktown%2C%2Bnsw%2B2148/list-1 | P19: realestate.com.au | Q19: 46282
A20: SYD-019 | B20: 41 Anthony Street, Blacktown | C20: Blacktown | D20: NSW | E20: 2148 | F20: 910000 | G20: 46251 | H20: 3 | I20: 1 | J20: 1 | L20: House | M20: =IF(AND(F20>=800000,F20<=1200000),"Yes","No") -> Yes | N20: https://www.realestate.com.au/sold/property-house-nsw-blacktown-151862164 | O20: https://www.realestate.com.au/sold/property-house-in-blacktown%2C%2Bnsw%2B2148/list-1 | P20: realestate.com.au | Q20: 46282
A21: SYD-020 | B21: 45 & 45a Dina Beth Avenue, Blacktown | C21: Blacktown | D21: NSW | E21: 2148 | F21: 1250000 | G21: 46248 | H21: 5 | I21: 2 | J21: 4 | L21: House | M21: =IF(AND(F21>=800000,F21<=1200000),"Yes","No") -> No | N21: https://www.realestate.com.au/sold/property-house-nsw-blacktown-151561636 | O21: https://www.realestate.com.au/sold/property-house-in-blacktown%2C%2Bnsw%2B2148/list-1 | P21: realestate.com.au | Q21: 46282
A22: SYD-021 | B22: 28 Eggleton Street, Blacktown | C22: Blacktown | D22: NSW | E22: 2148 | F22: 1263000 | G22: 46247 | H22: 3 | I22: 1 | J22: 2 | L22: House | M22: =IF(AND(F22>=800000,F22<=1200000),"Yes","No") -> No | N22: https://www.realestate.com.au/sold/property-house-nsw-blacktown-151248672 | O22: https://www.realestate.com.au/sold/property-house-in-blacktown%2C%2Bnsw%2B2148/list-1 | P22: realestate.com.au | Q22: 46282
A23: SYD-022 | B23: 12 Glamorgan Street, Blacktown | C23: Blacktown | D23: NSW | E23: 2148 | F23: 1030000 | G23: 46245 | H23: 3 | I23: 1 | J23: 1 | K23: 556 | L23: House | M23: =IF(AND(F23>=800000,F23<=1200000),"Yes","No") -> Yes | N23: https://www.realestate.com.au/sold/property-house-nsw-blacktown-151691880 | O23: https://www.realestate.com.au/sold/property-house-in-blacktown%2C%2Bnsw%2B2148/list-1 | P23: realestate.com.au | Q23: 46282
A24: SYD-023 | B24: 41 Burrell Parade, Blacktown | C24: Blacktown | D24: NSW | E24: 2148 | F24: 960000 | G24: 46245 | H24: 3 | I24: 1 | J24: 2 | K24: 556 | L24: House | M24: =IF(AND(F24>=800000,F24<=1200000),"Yes","No") -> Yes | N24: https://www.realestate.com.au/sold/property-house-nsw-blacktown-151589056 | O24: https://www.realestate.com.au/sold/property-house-in-blacktown%2C%2Bnsw%2B2148/list-1 | P24: realestate.com.au | Q24: 46282
A25: SYD-024 | B25: 24 Twilight Crescent, Blacktown | C25: Blacktown | D25: NSW | E25: 2148 | F25: 1024000 | G25: 46244 | H25: 3 | I25: 2 | J25: 2 | L25: House | M25: =IF(AND(F25>=800000,F25<=1200000),"Yes","No") -> Yes | N25: https://www.realestate.com.au/sold/property-house-nsw-blacktown-151497684 | O25: https://www.realestate.com.au/sold/property-house-in-blacktown%2C%2Bnsw%2B2148/list-1 | P25: realestate.com.au | Q25: 46282
A26: SYD-025 | B26: 57 Walters Road, Blacktown | C26: Blacktown | D26: NSW | E26: 2148 | F26: 1221000 | G26: 46242 | H26: 3 | I26: 1 | J26: 1 | K26: 835 | L26: House | M26: =IF(AND(F26>=800000,F26<=1200000),"Yes","No") -> No | N26: https://www.realestate.com.au/sold/property-house-nsw-blacktown-151780948 | O26: https://www.realestate.com.au/sold/property-house-in-blacktown%2C%2Bnsw%2B2148/list-1 | P26: realestate.com.au | Q26: 46282
A27: SYD-026 | B27: 59 Walters Road, Blacktown | C27: Blacktown | D27: NSW | E27: 2148 | F27: 900000 | G27: 46242 | H27: 3 | I27: 1 | J27: 1 | K27: 562 | L27: House | M27: =IF(AND(F27>=800000,F27<=1200000),"Yes","No") -> Yes | N27: https://www.realestate.com.au/sold/property-house-nsw-blacktown-151632936 | O27: https://www.realestate.com.au/sold/property-house-in-blacktown%2C%2Bnsw%2B2148/list-2 | P27: realestate.com.au | Q27: 46282
A28: SYD-027 | B28: 12 Siebel Street, Blacktown | C28: Blacktown | D28: NSW | E28: 2148 | F28: 1080000 | G28: 46239 | H28: 5 | I28: 2 | J28: 1 | K28: 560 | L28: House | M28: =IF(AND(F28>=800000,F28<=1200000),"Yes","No") -> Yes | N28: https://www.realestate.com.au/sold/property-house-nsw-blacktown-150980712 | O28: https://www.realestate.com.au/sold/property-house-in-blacktown%2C%2Bnsw%2B2148/list-2 | P28: realestate.com.au | Q28: 46282
A29: SYD-028 | B29: 5 Aliberti Drive, Blacktown | C29: Blacktown | D29: NSW | E29: 2148 | F29: 1060000 | G29: 46237 | H29: 3 | I29: 2 | J29: 1 | K29: 441.5 | L29: House | M29: =IF(AND(F29>=800000,F29<=1200000),"Yes","No") -> Yes | N29: https://www.realestate.com.au/sold/property-house-nsw-blacktown-151115652 | O29: https://www.realestate.com.au/sold/property-house-in-blacktown%2C%2Bnsw%2B2148/list-2 | P29: realestate.com.au | Q29: 46282
A30: SYD-029 | B30: 59 Lancaster Street, Blacktown | C30: Blacktown | D30: NSW | E30: 2148 | F30: 900000 | G30: 46234 | H30: 3 | I30: 2 | J30: 3 | K30: 600.7 | L30: House | M30: =IF(AND(F30>=800000,F30<=1200000),"Yes","No") -> Yes | N30: https://www.realestate.com.au/sold/property-house-nsw-blacktown-151619392 | O30: https://www.realestate.com.au/sold/property-house-in-blacktown%2C%2Bnsw%2B2148/list-2 | P30: realestate.com.au | Q30: 46282
A31: SYD-030 | B31: 68 Eggleton Street, Blacktown | C31: Blacktown | D31: NSW | E31: 2148 | F31: 900000 | G31: 46233 | H31: 3 | I31: 1 | J31: 2 | K31: 600 | L31: House | M31: =IF(AND(F31>=800000,F31<=1200000),"Yes","No") -> Yes | N31: https://www.realestate.com.au/sold/property-house-nsw-blacktown-151309196 | O31: https://www.realestate.com.au/sold/property-house-in-blacktown%2C%2Bnsw%2B2148/list-2 | P31: realestate.com.au | Q31: 46282
A32: SYD-031 | B32: 53 Pelleas Street, Blacktown | C32: Blacktown | D32: NSW | E32: 2148 | F32: 1700000 | G32: 46232 | H32: 7 | I32: 4 | J32: 2 | K32: 584 | L32: House | M32: =IF(AND(F32>=800000,F32<=1200000),"Yes","No") -> No | N32: https://www.realestate.com.au/sold/property-house-nsw-blacktown-151489892 | O32: https://www.realestate.com.au/sold/property-house-in-blacktown%2C%2Bnsw%2B2148/list-2 | P32: realestate.com.au | Q32: 46282
A33: SYD-032 | B33: 28 Flyer Glade, Blacktown | C33: Blacktown | D33: NSW | E33: 2148 | F33: 870000 | G33: 46232 | H33: 2 | I33: 2 | J33: 1 | L33: House | M33: =IF(AND(F33>=800000,F33<=1200000),"Yes","No") -> Yes | N33: https://www.realestate.com.au/sold/property-house-nsw-blacktown-150103248 | O33: https://www.realestate.com.au/sold/property-house-in-blacktown%2C%2Bnsw%2B2148/list-2 | P33: realestate.com.au | Q33: 46282
A34: SYD-033 | B34: 1 Tara Road, Blacktown | C34: Blacktown | D34: NSW | E34: 2148 | F34: 820000 | G34: 46232 | H34: 2 | I34: 1 | J34: 2 | K34: 308 | L34: House | M34: =IF(AND(F34>=800000,F34<=1200000),"Yes","No") -> Yes | N34: https://www.realestate.com.au/sold/property-house-nsw-blacktown-151256088 | O34: https://www.realestate.com.au/sold/property-house-in-blacktown%2C%2Bnsw%2B2148/list-2 | P34: realestate.com.au | Q34: 46282
A35: SYD-034 | B35: 9 Nicholas Street, Blacktown | C35: Blacktown | D35: NSW | E35: 2148 | F35: 1200000 | G35: 46231 | H35: 5 | I35: 2 | J35: 1 | K35: 550 | L35: House | M35: =IF(AND(F35>=800000,F35<=1200000),"Yes","No") -> Yes | N35: https://www.realestate.com.au/sold/property-house-nsw-blacktown-151025772 | O35: https://www.realestate.com.au/sold/property-house-in-blacktown%2C%2Bnsw%2B2148/list-2 | P35: realestate.com.au | Q35: 46282
A36: SYD-035 | B36: 3 Bridge View Street, Blacktown | C36: Blacktown | D36: NSW | E36: 2148 | F36: 1200000 | G36: 46230 | H36: 5 | I36: 2 | J36: 2 | K36: 803 | L36: House | M36: =IF(AND(F36>=800000,F36<=1200000),"Yes","No") -> Yes | N36: https://www.realestate.com.au/sold/property-house-nsw-blacktown-151828512 | O36: https://www.realestate.com.au/sold/property-house-in-blacktown%2C%2Bnsw%2B2148/list-2 | P36: realestate.com.au | Q36: 46282
A37: SYD-036 | B37: 1/15 Bairin Street, Campbelltown | C37: Campbelltown | D37: NSW | E37: 2560 | F37: 775000 | G37: 46281 | H37: 3 | I37: 1 | J37: 2 | L37: House | M37: =IF(AND(F37>=800000,F37<=1200000),"Yes","No") -> No | N37: https://www.realestate.com.au/sold/property-house-nsw-campbelltown-152135028 | O37: https://www.realestate.com.au/sold/property-house-in-campbelltown%2C%2Bnsw%2B2560/list-1 | P37: realestate.com.au | Q37: 46282
A38: SYD-037 | B38: 5/167 Waminda Avenue, Campbelltown | C38: Campbelltown | D38: NSW | E38: 2560 | F38: 510000 | G38: 46279 | H38: 2 | I38: 1 | J38: 1 | L38: House | M38: =IF(AND(F38>=800000,F38<=1200000),"Yes","No") -> No | N38: https://www.realestate.com.au/sold/property-house-nsw-campbelltown-152165036 | O38: https://www.realestate.com.au/sold/property-house-in-campbelltown%2C%2Bnsw%2B2560/list-1 | P38: realestate.com.au | Q38: 46282
A39: SYD-038 | B39: 133 Dumaresq Street, Campbelltown | C39: Campbelltown | D39: NSW | E39: 2560 | F39: 951000 | G39: 46263 | H39: 3 | I39: 1 | K39: 701.9 | L39: House | M39: =IF(AND(F39>=800000,F39<=1200000),"Yes","No") -> Yes | N39: https://www.realestate.com.au/sold/property-house-nsw-campbelltown-152025204 | O39: https://www.realestate.com.au/sold/property-house-in-campbelltown%2C%2Bnsw%2B2560/list-1 | P39: realestate.com.au | Q39: 46282
A40: SYD-039 | B40: 5B Eddington Road, Campbelltown | C40: Campbelltown | D40: NSW | E40: 2560 | F40: 1030000 | G40: 46262 | H40: 4 | I40: 2 | J40: 1 | L40: House | M40: =IF(AND(F40>=800000,F40<=1200000),"Yes","No") -> Yes | N40: https://www.realestate.com.au/sold/property-duplex+semi-detached-nsw-campbelltown-152005580 | O40: https://www.realestate.com.au/sold/property-house-in-campbelltown%2C%2Bnsw%2B2560/list-1 | P40: realestate.com.au | Q40: 46282
A41: SYD-040 | B41: 61 Macquarie Avenue, Campbelltown | C41: Campbelltown | D41: NSW | E41: 2560 | F41: 970500 | G41: 46262 | H41: 4 | I41: 2 | J41: 2 | K41: 669 | L41: House | M41: =IF(AND(F41>=800000,F41<=1200000),"Yes","No") -> Yes | N41: https://www.realestate.com.au/sold/property-house-nsw-campbelltown-151950084 | O41: https://www.realestate.com.au/sold/property-house-in-campbelltown%2C%2Bnsw%2B2560/list-1 | P41: realestate.com.au | Q41: 46282
A42: SYD-041 | B42: 5/32 Broughton St, Campbelltown | C42: Campbelltown | D42: NSW | E42: 2560 | F42: 620000 | G42: 46251 | H42: 3 | I42: 1 | J42: 1 | L42: House | M42: =IF(AND(F42>=800000,F42<=1200000),"Yes","No") -> No | N42: https://www.realestate.com.au/sold/property-house-nsw-campbelltown-151908112 | O42: https://www.realestate.com.au/sold/property-house-in-campbelltown%2C%2Bnsw%2B2560/list-1 | P42: realestate.com.au | Q42: 46282
A43: SYD-042 | B43: 42 Hidcote Road, Campbelltown | C43: Campbelltown | D43: NSW | E43: 2560 | F43: 1150000 | G43: 46248 | H43: 4 | I43: 3 | J43: 2 | K43: 277 | L43: House | M43: =IF(AND(F43>=800000,F43<=1200000),"Yes","No") -> Yes | N43: https://www.realestate.com.au/sold/property-terrace-nsw-campbelltown-151847644 | O43: https://www.realestate.com.au/sold/property-house-in-campbelltown%2C%2Bnsw%2B2560/list-1 | P43: realestate.com.au | Q43: 46282
A44: SYD-043 | B44: 14B Ehrlich Street, Campbelltown | C44: Campbelltown | D44: NSW | E44: 2560 | F44: 735000 | G44: 46246 | H44: 2 | I44: 2 | J44: 1 | L44: House | M44: =IF(AND(F44>=800000,F44<=1200000),"Yes","No") -> No | N44: https://www.realestate.com.au/sold/property-house-nsw-campbelltown-151968608 | O44: https://www.realestate.com.au/sold/property-house-in-campbelltown%2C%2Bnsw%2B2560/list-1 | P44: realestate.com.au | Q44: 46282
A45: SYD-044 | B45: 12 Valinda Crescent, Campbelltown | C45: Campbelltown | D45: NSW | E45: 2560 | F45: 950000 | G45: 46244 | H45: 3 | I45: 1 | J45: 1 | K45: 645 | L45: House | M45: =IF(AND(F45>=800000,F45<=1200000),"Yes","No") -> Yes | N45: https://www.realestate.com.au/sold/property-house-nsw-campbelltown-150988460 | O45: https://www.realestate.com.au/sold/property-house-in-campbelltown%2C%2Bnsw%2B2560/list-1 | P45: realestate.com.au | Q45: 46282
A46: SYD-045 | B46: 46 and 46a Farnsworth Avenue, Campbelltown | C46: Campbelltown | D46: NSW | E46: 2560 | F46: 1185000 | G46: 46230 | H46: 5 | I46: 2 | J46: 2 | K46: 734 | L46: House | M46: =IF(AND(F46>=800000,F46<=1200000),"Yes","No") -> Yes | N46: https://www.realestate.com.au/sold/property-house-nsw-campbelltown-151187388 | O46: https://www.realestate.com.au/sold/property-house-in-campbelltown%2C%2Bnsw%2B2560/list-1 | P46: realestate.com.au | Q46: 46282
A47: SYD-046 | B47: 88 Goldsmith Avenue, Campbelltown | C47: Campbelltown | D47: NSW | E47: 2560 | F47: 890000 | G47: 46227 | H47: 3 | I47: 2 | J47: 1 | K47: 177.1 | L47: House | M47: =IF(AND(F47>=800000,F47<=1200000),"Yes","No") -> Yes | N47: https://www.realestate.com.au/sold/property-duplex+semi-detached-nsw-campbelltown-151333612 | O47: https://www.realestate.com.au/sold/property-house-in-campbelltown%2C%2Bnsw%2B2560/list-1 | P47: realestate.com.au | Q47: 46282
A48: SYD-047 | B48: 6/105 Broughton Street, Campbelltown | C48: Campbelltown | D48: NSW | E48: 2560 | F48: 575000 | G48: 46227 | H48: 3 | I48: 1 | J48: 1 | K48: 3977 | L48: House | M48: =IF(AND(F48>=800000,F48<=1200000),"Yes","No") -> No | N48: https://www.realestate.com.au/sold/property-house-nsw-campbelltown-151703832 | O48: https://www.realestate.com.au/sold/property-house-in-campbelltown%2C%2Bnsw%2B2560/list-1 | P48: realestate.com.au | Q48: 46282
A49: SYD-048 | B49: 40 Waminda Avenue, Campbelltown | C49: Campbelltown | D49: NSW | E49: 2560 | F49: 930000 | G49: 46225 | H49: 4 | I49: 1 | J49: 1 | K49: 554 | L49: House | M49: =IF(AND(F49>=800000,F49<=1200000),"Yes","No") -> Yes | N49: https://www.realestate.com.au/sold/property-house-nsw-campbelltown-151697272 | O49: https://www.realestate.com.au/sold/property-house-in-campbelltown%2C%2Bnsw%2B2560/list-1 | P49: realestate.com.au | Q49: 46282
A50: SYD-049 | B50: 31 Grandview Drive, Campbelltown | C50: Campbelltown | D50: NSW | E50: 2560 | F50: 820000 | G50: 46224 | H50: 2 | I50: 1 | K50: 758 | L50: House | M50: =IF(AND(F50>=800000,F50<=1200000),"Yes","No") -> Yes | N50: https://www.realestate.com.au/sold/property-house-nsw-campbelltown-151704228 | O50: https://www.realestate.com.au/sold/property-house-in-campbelltown%2C%2Bnsw%2B2560/list-1 | P50: realestate.com.au | Q50: 46282
A51: SYD-050 | B51: 149 A Dumaresq Street, Campbelltown | C51: Campbelltown | D51: NSW | E51: 2560 | F51: 1195000 | G51: 46220 | H51: 6 | I51: 3 | J51: 1 | K51: 368 | L51: House | M51: =IF(AND(F51>=800000,F51<=1200000),"Yes","No") -> Yes | N51: https://www.realestate.com.au/sold/property-house-nsw-campbelltown-151105468 | O51: https://www.realestate.com.au/sold/property-house-in-campbelltown%2C%2Bnsw%2B2560/list-1 | P51: realestate.com.au | Q51: 46282
A52: SYD-051 | B52: 198 Broughton Street, Campbelltown | C52: Campbelltown | D52: NSW | E52: 2560 | F52: 1160555 | G52: 46217 | H52: 6 | I52: 2 | J52: 1 | K52: 639 | L52: House | M52: =IF(AND(F52>=800000,F52<=1200000),"Yes","No") -> Yes | N52: https://www.realestate.com.au/sold/property-house-nsw-campbelltown-150510076 | O52: https://www.realestate.com.au/sold/property-house-in-campbelltown%2C%2Bnsw%2B2560/list-1 | P52: realestate.com.au | Q52: 46282
A53: SYD-052 | B53: 48 Gilchrist Drive, Campbelltown | C53: Campbelltown | D53: NSW | E53: 2560 | F53: 965000 | G53: 46213 | H53: 3 | I53: 2 | J53: 2 | L53: House | M53: =IF(AND(F53>=800000,F53<=1200000),"Yes","No") -> Yes | N53: https://www.realestate.com.au/sold/property-house-nsw-campbelltown-151361012 | O53: https://www.realestate.com.au/sold/property-house-in-campbelltown%2C%2Bnsw%2B2560/list-1 | P53: realestate.com.au | Q53: 46282
A54: SYD-053 | B54: 28 & 28A Westview Street, Campbelltown | C54: Campbelltown | D54: NSW | E54: 2560 | F54: 1750000 | G54: 46211 | H54: 7 | I54: 4 | J54: 2 | K54: 510.9 | L54: House | M54: =IF(AND(F54>=800000,F54<=1200000),"Yes","No") -> No | N54: https://www.realestate.com.au/sold/property-house-nsw-campbelltown-151522140 | O54: https://www.realestate.com.au/sold/property-house-in-campbelltown%2C%2Bnsw%2B2560/list-1 | P54: realestate.com.au | Q54: 46282
A55: SYD-054 | B55: 5 Lachlan Place, Campbelltown | C55: Campbelltown | D55: NSW | E55: 2560 | F55: 990000 | G55: 46205 | H55: 3 | I55: 1 | J55: 2 | K55: 961 | L55: House | M55: =IF(AND(F55>=800000,F55<=1200000),"Yes","No") -> Yes | N55: https://www.realestate.com.au/sold/property-house-nsw-campbelltown-151509948 | O55: https://www.realestate.com.au/sold/property-house-in-campbelltown%2C%2Bnsw%2B2560/list-1 | P55: realestate.com.au | Q55: 46282
A56: SYD-055 | B56: 61 Broughton Street, Campbelltown | C56: Campbelltown | D56: NSW | E56: 2560 | F56: 1600000 | G56: 46192 | H56: 3 | I56: 1 | K56: 1201 | L56: House | M56: =IF(AND(F56>=800000,F56<=1200000),"Yes","No") -> No | N56: https://www.realestate.com.au/sold/property-house-nsw-campbelltown-151316120 | O56: https://www.realestate.com.au/sold/property-house-in-campbelltown%2C%2Bnsw%2B2560/list-1 | P56: realestate.com.au | Q56: 46282
A57: SYD-056 | B57: 11 Manning Street, Campbelltown | C57: Campbelltown | D57: NSW | E57: 2560 | F57: 1020000 | G57: 46192 | H57: 4 | I57: 2 | J57: 4 | K57: 556.4 | L57: House | M57: =IF(AND(F57>=800000,F57<=1200000),"Yes","No") -> Yes | N57: https://www.realestate.com.au/sold/property-house-nsw-campbelltown-150914352 | O57: https://www.realestate.com.au/sold/property-house-in-campbelltown%2C%2Bnsw%2B2560/list-1 | P57: realestate.com.au | Q57: 46282
A58: SYD-057 | B58: 9 Yennora Street, Campbelltown | C58: Campbelltown | D58: NSW | E58: 2560 | F58: 885000 | G58: 46192 | H58: 3 | I58: 1 | J58: 1 | K58: 551 | L58: House | M58: =IF(AND(F58>=800000,F58<=1200000),"Yes","No") -> Yes | N58: https://www.realestate.com.au/sold/property-house-nsw-campbelltown-151115036 | O58: https://www.realestate.com.au/sold/property-house-in-campbelltown%2C%2Bnsw%2B2560/list-1 | P58: realestate.com.au | Q58: 46282
A59: SYD-058 | B59: 24 Poulton Terrace, Campbelltown | C59: Campbelltown | D59: NSW | E59: 2560 | F59: 1170000 | G59: 46189 | H59: 4 | I59: 2 | J59: 2 | K59: 415 | L59: House | M59: =IF(AND(F59>=800000,F59<=1200000),"Yes","No") -> Yes | N59: https://www.realestate.com.au/sold/property-house-nsw-campbelltown-151432712 | O59: https://www.realestate.com.au/sold/property-house-in-campbelltown%2C%2Bnsw%2B2560/list-1 | P59: realestate.com.au | Q59: 46282
A60: SYD-059 | B60: 5 Dan Street, Campbelltown | C60: Campbelltown | D60: NSW | E60: 2560 | F60: 915000 | G60: 46189 | H60: 3 | I60: 1 | J60: 1 | K60: 567 | L60: House | M60: =IF(AND(F60>=800000,F60<=1200000),"Yes","No") -> Yes | N60: https://www.realestate.com.au/sold/property-house-nsw-campbelltown-151290264 | O60: https://www.realestate.com.au/sold/property-house-in-campbelltown%2C%2Bnsw%2B2560/list-1 | P60: realestate.com.au | Q60: 46282
A61: SYD-060 | B61: 23 Allman Street, Campbelltown | C61: Campbelltown | D61: NSW | E61: 2560 | F61: 1220000 | G61: 46186 | H61: 3 | I61: 1 | J61: 1 | K61: 815 | L61: House | M61: =IF(AND(F61>=800000,F61<=1200000),"Yes","No") -> No | N61: https://www.realestate.com.au/sold/property-house-nsw-campbelltown-151225320 | O61: https://www.realestate.com.au/sold/property-house-in-campbelltown%2C%2Bnsw%2B2560/list-1 | P61: realestate.com.au | Q61: 46282
A62: SYD-061 | B62: 47 Grandview Drive, Campbelltown | C62: Campbelltown | D62: NSW | E62: 2560 | F62: 920000 | G62: 46185 | H62: 4 | I62: 2 | J62: 2 | K62: 621 | L62: House | M62: =IF(AND(F62>=800000,F62<=1200000),"Yes","No") -> Yes | N62: https://www.realestate.com.au/sold/property-house-nsw-campbelltown-151230532 | O62: https://www.realestate.com.au/sold/property-house-in-campbelltown%2C%2Bnsw%2B2560/list-2 | P62: realestate.com.au | Q62: 46282
A63: SYD-062 | B63: 132 Waminda Avenue, Campbelltown | C63: Campbelltown | D63: NSW | E63: 2560 | F63: 870000 | G63: 46182 | H63: 2 | I63: 1 | J63: 2 | K63: 606 | L63: House | M63: =IF(AND(F63>=800000,F63<=1200000),"Yes","No") -> Yes | N63: https://www.realestate.com.au/sold/property-house-nsw-campbelltown-151223472 | O63: https://www.realestate.com.au/sold/property-house-in-campbelltown%2C%2Bnsw%2B2560/list-2 | P63: realestate.com.au | Q63: 46282
A64: SYD-063 | B64: 32 Oxley Street, Campbelltown | C64: Campbelltown | D64: NSW | E64: 2560 | F64: 1195000 | G64: 46178 | H64: 4 | I64: 2 | J64: 1 | K64: 486 | L64: House | M64: =IF(AND(F64>=800000,F64<=1200000),"Yes","No") -> Yes | N64: https://www.realestate.com.au/sold/property-house-nsw-campbelltown-150953468 | O64: https://www.realestate.com.au/sold/property-house-in-campbelltown%2C%2Bnsw%2B2560/list-2 | P64: realestate.com.au | Q64: 46282
A65: SYD-064 | B65: 35 Canberra Crescent, Campbelltown | C65: Campbelltown | D65: NSW | E65: 2560 | F65: 915000 | G65: 46174 | H65: 4 | I65: 1 | J65: 1 | K65: 562.8 | L65: House | M65: =IF(AND(F65>=800000,F65<=1200000),"Yes","No") -> Yes | N65: https://www.realestate.com.au/sold/property-house-nsw-campbelltown-150848620 | O65: https://www.realestate.com.au/sold/property-house-in-campbelltown%2C%2Bnsw%2B2560/list-2 | P65: realestate.com.au | Q65: 46282
A66: SYD-065 | B66: 22 Allman Street, Campbelltown | C66: Campbelltown | D66: NSW | E66: 2560 | F66: 1190000 | G66: 46167 | H66: 3 | I66: 1 | J66: 1 | K66: 898 | L66: House | M66: =IF(AND(F66>=800000,F66<=1200000),"Yes","No") -> Yes | N66: https://www.realestate.com.au/sold/property-house-nsw-campbelltown-150353780 | O66: https://www.realestate.com.au/sold/property-house-in-campbelltown%2C%2Bnsw%2B2560/list-2 | P66: realestate.com.au | Q66: 46282
A67: SYD-066 | B67: 3 Albury Avenue, Campbelltown | C67: Campbelltown | D67: NSW | E67: 2560 | F67: 920000 | G67: 46164 | H67: 3 | I67: 1 | J67: 1 | K67: 556 | L67: House | M67: =IF(AND(F67>=800000,F67<=1200000),"Yes","No") -> Yes | N67: https://www.realestate.com.au/sold/property-house-nsw-campbelltown-151042944 | O67: https://www.realestate.com.au/sold/property-house-in-campbelltown%2C%2Bnsw%2B2560/list-2 | P67: realestate.com.au | Q67: 46282
A68: SYD-067 | B68: 6 Callaway Avenue, Campbelltown | C68: Campbelltown | D68: NSW | E68: 2560 | F68: 1351500 | G68: 46163 | H68: 4 | I68: 2 | J68: 2 | L68: House | M68: =IF(AND(F68>=800000,F68<=1200000),"Yes","No") -> No | N68: https://www.realestate.com.au/sold/property-house-nsw-campbelltown-151027912 | O68: https://www.realestate.com.au/sold/property-house-in-campbelltown%2C%2Bnsw%2B2560/list-2 | P68: realestate.com.au | Q68: 46282
A69: SYD-068 | B69: 101/26 Parkside Crescent, Campbelltown | C69: Campbelltown | D69: NSW | E69: 2560 | F69: 855000 | G69: 46162 | H69: 3 | I69: 2 | J69: 1 | L69: House | M69: =IF(AND(F69>=800000,F69<=1200000),"Yes","No") -> Yes | N69: https://www.realestate.com.au/sold/property-house-nsw-campbelltown-150931912 | O69: https://www.realestate.com.au/sold/property-house-in-campbelltown%2C%2Bnsw%2B2560/list-2 | P69: realestate.com.au | Q69: 46282
A70: SYD-069 | B70: 64 Macquarie Avenue, Campbelltown | C70: Campbelltown | D70: NSW | E70: 2560 | F70: 1000000 | G70: 46151 | H70: 3 | I70: 1 | J70: 2 | K70: 556.4 | L70: House | M70: =IF(AND(F70>=800000,F70<=1200000),"Yes","No") -> Yes | N70: https://www.realestate.com.au/sold/property-house-nsw-campbelltown-150895716 | O70: https://www.realestate.com.au/sold/property-house-in-campbelltown%2C%2Bnsw%2B2560/list-2 | P70: realestate.com.au | Q70: 46282
A71: SYD-070 | B71: 9 Farnsworth Avenue, Campbelltown | C71: Campbelltown | D71: NSW | E71: 2560 | F71: 1010000 | G71: 46148 | H71: 3 | I71: 1 | J71: 2 | K71: 670.3 | L71: House | M71: =IF(AND(F71>=800000,F71<=1200000),"Yes","No") -> Yes | N71: https://www.realestate.com.au/sold/property-house-nsw-campbelltown-150849340 | O71: https://www.realestate.com.au/sold/property-house-in-campbelltown%2C%2Bnsw%2B2560/list-2 | P71: realestate.com.au | Q71: 46282
A72: SYD-071 | B72: 3 Secant Street, Liverpool | C72: Liverpool | D72: NSW | E72: 2170 | F72: 2000000 | G72: 46280 | H72: 4 | I72: 2 | J72: 2 | K72: 676 | L72: House | M72: =IF(AND(F72>=800000,F72<=1200000),"Yes","No") -> No | N72: https://www.realestate.com.au/sold/property-house-nsw-liverpool-150588216 | O72: https://www.realestate.com.au/sold/property-house-in-liverpool%2C%2Bnsw%2B2170/list-1 | P72: realestate.com.au | Q72: 46282
A73: SYD-072 | B73: 40 Maryvale Avenue, Liverpool | C73: Liverpool | D73: NSW | E73: 2170 | F73: 1200000 | G73: 46280 | H73: 3 | I73: 1 | J73: 1 | L73: House | M73: =IF(AND(F73>=800000,F73<=1200000),"Yes","No") -> Yes | N73: https://www.realestate.com.au/sold/property-house-nsw-liverpool-152249828 | O73: https://www.realestate.com.au/sold/property-house-in-liverpool%2C%2Bnsw%2B2170/list-1 | P73: realestate.com.au | Q73: 46282
A74: SYD-073 | B74: 41 Tully Avenue, Liverpool | C74: Liverpool | D74: NSW | E74: 2170 | F74: 1150000 | G74: 46276 | H74: 6 | I74: 2 | J74: 2 | L74: House | M74: =IF(AND(F74>=800000,F74<=1200000),"Yes","No") -> Yes | N74: https://www.realestate.com.au/sold/property-house-nsw-liverpool-151930956 | O74: https://www.realestate.com.au/sold/property-house-in-liverpool%2C%2Bnsw%2B2170/list-1 | P74: realestate.com.au | Q74: 46282
A75: SYD-074 | B75: 8 Angelo Avenue, Liverpool | C75: Liverpool | D75: NSW | E75: 2170 | F75: 935000 | G75: 46256 | H75: 3 | I75: 1 | J75: 1 | L75: House | M75: =IF(AND(F75>=800000,F75<=1200000),"Yes","No") -> Yes | N75: https://www.realestate.com.au/sold/property-house-nsw-liverpool-151905060 | O75: https://www.realestate.com.au/sold/property-house-in-liverpool%2C%2Bnsw%2B2170/list-1 | P75: realestate.com.au | Q75: 46282
A76: SYD-075 | B76: 5/10 Christie Street, Liverpool | C76: Liverpool | D76: NSW | E76: 2170 | F76: 870000 | G76: 46256 | H76: 3 | I76: 2 | J76: 1 | L76: House | M76: =IF(AND(F76>=800000,F76<=1200000),"Yes","No") -> Yes | N76: https://www.realestate.com.au/sold/property-house-nsw-liverpool-151716252 | O76: https://www.realestate.com.au/sold/property-house-in-liverpool%2C%2Bnsw%2B2170/list-1 | P76: realestate.com.au | Q76: 46282
A77: SYD-076 | B77: 45 Birkdale Crescent, Liverpool | C77: Liverpool | D77: NSW | E77: 2170 | F77: 960000 | G77: 46237 | H77: 3 | I77: 1 | J77: 1 | K77: 557.4 | L77: House | M77: =IF(AND(F77>=800000,F77<=1200000),"Yes","No") -> Yes | N77: https://www.realestate.com.au/sold/property-house-nsw-liverpool-151515988 | O77: https://www.realestate.com.au/sold/property-house-in-liverpool%2C%2Bnsw%2B2170/list-1 | P77: realestate.com.au | Q77: 46282
A78: SYD-077 | B78: 9 Anastasio Road, Liverpool | C78: Liverpool | D78: NSW | E78: 2170 | F78: 976000 | G78: 46228 | H78: 3 | I78: 1 | J78: 2 | K78: 450 | L78: House | M78: =IF(AND(F78>=800000,F78<=1200000),"Yes","No") -> Yes | N78: https://www.realestate.com.au/sold/property-house-nsw-liverpool-151712048 | O78: https://www.realestate.com.au/sold/property-house-in-liverpool%2C%2Bnsw%2B2170/list-1 | P78: realestate.com.au | Q78: 46282
A79: SYD-078 | B79: 1 leitz street, Liverpool | C79: Liverpool | D79: NSW | E79: 2170 | F79: 3100000 | G79: 46223 | H79: 24 | I79: 14 | J79: 6 | K79: 1358 | L79: House | M79: =IF(AND(F79>=800000,F79<=1200000),"Yes","No") -> No | N79: https://www.realestate.com.au/sold/property-house-nsw-liverpool-150133964 | O79: https://www.realestate.com.au/sold/property-house-in-liverpool%2C%2Bnsw%2B2170/list-1 | P79: realestate.com.au | Q79: 46282
A80: SYD-079 | B80: 19 Pearce Street, Liverpool | C80: Liverpool | D80: NSW | E80: 2170 | F80: 1270000 | G80: 46217 | H80: 4 | I80: 1 | J80: 3 | K80: 652 | L80: House | M80: =IF(AND(F80>=800000,F80<=1200000),"Yes","No") -> No | N80: https://www.realestate.com.au/sold/property-house-nsw-liverpool-150792248 | O80: https://www.realestate.com.au/sold/property-house-in-liverpool%2C%2Bnsw%2B2170/list-1 | P80: realestate.com.au | Q80: 46282
A81: SYD-080 | B81: 30 Danalam Street, Liverpool | C81: Liverpool | D81: NSW | E81: 2170 | F81: 1083000 | G81: 46211 | H81: 4 | I81: 1 | J81: 1 | K81: 727 | L81: House | M81: =IF(AND(F81>=800000,F81<=1200000),"Yes","No") -> Yes | N81: https://www.realestate.com.au/sold/property-house-nsw-liverpool-151152668 | O81: https://www.realestate.com.au/sold/property-house-in-liverpool%2C%2Bnsw%2B2170/list-1 | P81: realestate.com.au | Q81: 46282
A82: SYD-081 | B82: 133 Orange Grove Road, Liverpool | C82: Liverpool | D82: NSW | E82: 2170 | F82: 1090000 | G82: 46182 | H82: 3 | I82: 1 | J82: 4 | K82: 664 | L82: House | M82: =IF(AND(F82>=800000,F82<=1200000),"Yes","No") -> Yes | N82: https://www.realestate.com.au/sold/property-house-nsw-liverpool-151186644 | O82: https://www.realestate.com.au/sold/property-house-in-liverpool%2C%2Bnsw%2B2170/list-1 | P82: realestate.com.au | Q82: 46282
A83: SYD-082 | B83: 701/4 Hoxton Park Road, Liverpool | C83: Liverpool | D83: NSW | E83: 2170 | F83: 560000 | G83: 46182 | H83: 2 | I83: 2 | J83: 1 | L83: House | M83: =IF(AND(F83>=800000,F83<=1200000),"Yes","No") -> No | N83: https://www.realestate.com.au/sold/property-house-nsw-liverpool-151293392 | O83: https://www.realestate.com.au/sold/property-house-in-liverpool%2C%2Bnsw%2B2170/list-1 | P83: realestate.com.au | Q83: 46282
A84: SYD-083 | B84: 84 Medley Avenue, Liverpool | C84: Liverpool | D84: NSW | E84: 2170 | F84: 1050000 | G84: 46179 | H84: 3 | I84: 1 | J84: 3 | K84: 510 | L84: House | M84: =IF(AND(F84>=800000,F84<=1200000),"Yes","No") -> Yes | N84: https://www.realestate.com.au/sold/property-house-nsw-liverpool-151152788 | O84: https://www.realestate.com.au/sold/property-house-in-liverpool%2C%2Bnsw%2B2170/list-1 | P84: realestate.com.au | Q84: 46282
A85: SYD-084 | B85: 47b Maryvale Avenue, Liverpool | C85: Liverpool | D85: NSW | E85: 2170 | F85: 1000000 | G85: 46179 | H85: 4 | I85: 3 | J85: 2 | L85: House | M85: =IF(AND(F85>=800000,F85<=1200000),"Yes","No") -> Yes | N85: https://www.realestate.com.au/sold/property-house-nsw-liverpool-151220932 | O85: https://www.realestate.com.au/sold/property-house-in-liverpool%2C%2Bnsw%2B2170/list-1 | P85: realestate.com.au | Q85: 46282
A86: SYD-085 | B86: 119 Atkinson Street, Liverpool | C86: Liverpool | D86: NSW | E86: 2170 | F86: 1265000 | G86: 46175 | H86: 3 | I86: 1 | J86: 4 | K86: 657.7 | L86: House | M86: =IF(AND(F86>=800000,F86<=1200000),"Yes","No") -> No | N86: https://www.realestate.com.au/sold/property-house-nsw-liverpool-151253084 | O86: https://www.realestate.com.au/sold/property-house-in-liverpool%2C%2Bnsw%2B2170/list-1 | P86: realestate.com.au | Q86: 46282
A87: SYD-086 | B87: 151 Memorial Avenue, Liverpool | C87: Liverpool | D87: NSW | E87: 2170 | F87: 1210000 | G87: 46174 | H87: 3 | I87: 1 | J87: 1 | K87: 537.5 | L87: House | M87: =IF(AND(F87>=800000,F87<=1200000),"Yes","No") -> No | N87: https://www.realestate.com.au/sold/property-house-nsw-liverpool-150175480 | O87: https://www.realestate.com.au/sold/property-house-in-liverpool%2C%2Bnsw%2B2170/list-1 | P87: realestate.com.au | Q87: 46282
A88: SYD-087 | B88: 32 Gill Avenue, Liverpool | C88: Liverpool | D88: NSW | E88: 2170 | F88: 1160000 | G88: 46174 | H88: 3 | I88: 1 | J88: 2 | K88: 559 | L88: House | M88: =IF(AND(F88>=800000,F88<=1200000),"Yes","No") -> Yes | N88: https://www.realestate.com.au/sold/property-house-nsw-liverpool-151088292 | O88: https://www.realestate.com.au/sold/property-house-in-liverpool%2C%2Bnsw%2B2170/list-1 | P88: realestate.com.au | Q88: 46282
A89: SYD-088 | B89: 2/41 Mcgowen Crescent, Liverpool | C89: Liverpool | D89: NSW | E89: 2170 | F89: 1065000 | G89: 46163 | H89: 4 | I89: 2 | J89: 2 | L89: House | M89: =IF(AND(F89>=800000,F89<=1200000),"Yes","No") -> Yes | N89: https://www.realestate.com.au/sold/property-house-nsw-liverpool-150960264 | O89: https://www.realestate.com.au/sold/property-house-in-liverpool%2C%2Bnsw%2B2170/list-1 | P89: realestate.com.au | Q89: 46282
A90: SYD-089 | B90: 2/30-32 Goulburn Street, Liverpool | C90: Liverpool | D90: NSW | E90: 2170 | F90: 390000 | G90: 46161 | H90: 2 | I90: 1 | J90: 1 | L90: House | M90: =IF(AND(F90>=800000,F90<=1200000),"Yes","No") -> No | N90: https://www.realestate.com.au/sold/property-other-nsw-liverpool-151014016 | O90: https://www.realestate.com.au/sold/property-house-in-liverpool%2C%2Bnsw%2B2170/list-1 | P90: realestate.com.au | Q90: 46282
A91: SYD-090 | B91: 608/170 Terminus Street, Liverpool | C91: Liverpool | D91: NSW | E91: 2170 | F91: 585000 | G91: 46160 | H91: 2 | I91: 2 | J91: 1 | L91: House | M91: =IF(AND(F91>=800000,F91<=1200000),"Yes","No") -> No | N91: https://www.realestate.com.au/sold/property-house-nsw-liverpool-150864608 | O91: https://www.realestate.com.au/sold/property-house-in-liverpool%2C%2Bnsw%2B2170/list-1 | P91: realestate.com.au | Q91: 46282
A92: SYD-091 | B92: 96A Reilly Street, Liverpool | C92: Liverpool | D92: NSW | E92: 2170 | F92: 1175000 | G92: 46150 | H92: 3 | I92: 3 | J92: 1 | L92: House | M92: =IF(AND(F92>=800000,F92<=1200000),"Yes","No") -> Yes | N92: https://www.realestate.com.au/sold/property-house-nsw-liverpool-150482228 | O92: https://www.realestate.com.au/sold/property-house-in-liverpool%2C%2Bnsw%2B2170/list-1 | P92: realestate.com.au | Q92: 46282
A93: SYD-092 | B93: 14/14A Roslyn Street, Liverpool | C93: Liverpool | D93: NSW | E93: 2170 | F93: 1560000 | G93: 46146 | H93: 6 | I93: 2 | K93: 699 | L93: House | M93: =IF(AND(F93>=800000,F93<=1200000),"Yes","No") -> No | N93: https://www.realestate.com.au/sold/property-house-nsw-liverpool-150704356 | O93: https://www.realestate.com.au/sold/property-house-in-liverpool%2C%2Bnsw%2B2170/list-1 | P93: realestate.com.au | Q93: 46282
A94: SYD-093 | B94: 8 & 8A Phillip Street, Liverpool | C94: Liverpool | D94: NSW | E94: 2170 | F94: 1400000 | G94: 46146 | H94: 7 | I94: 2 | J94: 3 | K94: 636 | L94: House | M94: =IF(AND(F94>=800000,F94<=1200000),"Yes","No") -> No | N94: https://www.realestate.com.au/sold/property-house-nsw-liverpool-150667960 | O94: https://www.realestate.com.au/sold/property-house-in-liverpool%2C%2Bnsw%2B2170/list-1 | P94: realestate.com.au | Q94: 46282
A95: SYD-094 | B95: 41B Boundary Road, Liverpool | C95: Liverpool | D95: NSW | E95: 2170 | F95: 1420000 | G95: 46144 | H95: 5 | I95: 3 | J95: 1 | K95: 330 | L95: House | M95: =IF(AND(F95>=800000,F95<=1200000),"Yes","No") -> No | N95: https://www.realestate.com.au/sold/property-house-nsw-liverpool-150605668 | O95: https://www.realestate.com.au/sold/property-house-in-liverpool%2C%2Bnsw%2B2170/list-1 | P95: realestate.com.au | Q95: 46282
A96: SYD-095 | B96: 11B Mclean Street, Liverpool | C96: Liverpool | D96: NSW | E96: 2170 | F96: 735000 | G96: 46141 | H96: 2 | I96: 1 | J96: 1 | K96: 135 | L96: House | M96: =IF(AND(F96>=800000,F96<=1200000),"Yes","No") -> No | N96: https://www.realestate.com.au/sold/property-house-nsw-liverpool-150787680 | O96: https://www.realestate.com.au/sold/property-house-in-liverpool%2C%2Bnsw%2B2170/list-1 | P96: realestate.com.au | Q96: 46282
A97: SYD-096 | B97: 10 Lehmann Avenue, Liverpool | C97: Liverpool | D97: NSW | E97: 2170 | F97: 1270000 | G97: 46140 | H97: 4 | I97: 2 | J97: 2 | K97: 556.4 | L97: House | M97: =IF(AND(F97>=800000,F97<=1200000),"Yes","No") -> No | N97: https://www.realestate.com.au/sold/property-house-nsw-liverpool-150280144 | O97: https://www.realestate.com.au/sold/property-house-in-liverpool%2C%2Bnsw%2B2170/list-2 | P97: realestate.com.au | Q97: 46282
A98: SYD-097 | B98: 1/41 Mcgowen Crescent, Liverpool | C98: Liverpool | D98: NSW | E98: 2170 | F98: 1125000 | G98: 46136 | H98: 4 | I98: 2 | J98: 2 | L98: House | M98: =IF(AND(F98>=800000,F98<=1200000),"Yes","No") -> Yes | N98: https://www.realestate.com.au/sold/property-house-nsw-liverpool-150260300 | O98: https://www.realestate.com.au/sold/property-house-in-liverpool%2C%2Bnsw%2B2170/list-2 | P98: realestate.com.au | Q98: 46282
A99: SYD-098 | B99: 24 Christie Street, Liverpool | C99: Liverpool | D99: NSW | E99: 2170 | F99: 1030000 | G99: 46125 | H99: 3 | I99: 1 | J99: 2 | K99: 253 | L99: House | M99: =IF(AND(F99>=800000,F99<=1200000),"Yes","No") -> Yes | N99: https://www.realestate.com.au/sold/property-duplex+semi-detached-nsw-liverpool-150463488 | O99: https://www.realestate.com.au/sold/property-house-in-liverpool%2C%2Bnsw%2B2170/list-2 | P99: realestate.com.au | Q99: 46282
A100: SYD-099 | B100: 271 Memorial Avenue, Liverpool | C100: Liverpool | D100: NSW | E100: 2170 | F100: 1505000 | G100: 46114 | H100: 3 | I100: 1 | J100: 1 | K100: 885.2 | L100: House | M100: =IF(AND(F100>=800000,F100<=1200000),"Yes","No") -> No | N100: https://www.realestate.com.au/sold/property-house-nsw-liverpool-150626664 | O100: https://www.realestate.com.au/sold/property-house-in-liverpool%2C%2Bnsw%2B2170/list-2 | P100: realestate.com.au | Q100: 46282
...
